[
    {
        "ProductId": 1,
        "ProductName": "苹果汁",
        "SupplierId": 1,
        "SupplierName": "佳佳乐",
        "CategoryId": 1,
        "CategoryName": "饮料",
        "UnitNum": "每箱24瓶",
        "UnitPrice": 18,
        "StockNum": 22,
        "OrderNum": 0,
        "ReOrderNum": 10,
        "IsAbord": false
    },
    {
        "ProductId": 2,
        "ProductName": "牛奶",
        "SupplierId": 1,
        "SupplierName": "佳佳乐",
        "CategoryId": 1,
        "CategoryName": "饮料",
        "UnitNum": "每箱24瓶",
        "UnitPrice": 19,
        "StockNum": 17,
        "OrderNum": 40,
        "ReOrderNum": 25,
        "IsAbord": false
    },
    {
        "ProductId": 3,
        "ProductName": "蕃茄酱",
        "SupplierId": 1,
        "SupplierName": "佳佳乐",
        "CategoryId": 2,
        "CategoryName": "调味品",
        "UnitNum": "每箱12瓶",
        "UnitPrice": 10,
        "StockNum": 13,
        "OrderNum": 70,
        "ReOrderNum": 25,
        "IsAbord": false
    },
    {
        "ProductId": 4,
        "ProductName": "盐",
        "SupplierId": 2,
        "SupplierName": "康富食品",
        "CategoryId": 2,
        "CategoryName": "调味品",
        "UnitNum": "每箱12瓶",
        "UnitPrice": 22,
        "StockNum": 53,
        "OrderNum": 0,
        "ReOrderNum": 0,
        "IsAbord": false
    },
    {
        "ProductId": 5,
        "ProductName": "麻油",
        "SupplierId": 2,
        "SupplierName": "康富食品",
        "CategoryId": 2,
        "CategoryName": "调味品",
        "UnitNum": "每箱12瓶",
        "UnitPrice": 21.35,
        "StockNum": 0,
        "OrderNum": 0,
        "ReOrderNum": 0,
        "IsAbord": true
    },
    {
        "ProductId": 6,
        "ProductName": "酱油",
        "SupplierId": 3,
        "SupplierName": "妙生",
        "CategoryId": 2,
        "CategoryName": "调味品",
        "UnitNum": "每箱12瓶",
        "UnitPrice": 25,
        "StockNum": 120,
        "OrderNum": 0,
        "ReOrderNum": 25,
        "IsAbord": false
    },
    {
        "ProductId": 7,
        "ProductName": "海鲜粉",
        "SupplierId": 3,
        "SupplierName": "妙生",
        "CategoryId": 7,
        "CategoryName": "特制品",
        "UnitNum": "每箱30盒",
        "UnitPrice": 30,
        "StockNum": 15,
        "OrderNum": 0,
        "ReOrderNum": 10,
        "IsAbord": false
    },
    {
        "ProductId": 8,
        "ProductName": "胡椒粉",
        "SupplierId": 3,
        "SupplierName": "妙生",
        "CategoryId": 2,
        "CategoryName": "调味品",
        "UnitNum": "每箱30盒",
        "UnitPrice": 40,
        "StockNum": 6,
        "OrderNum": 0,
        "ReOrderNum": 0,
        "IsAbord": false
    },
    {
        "ProductId": 9,
        "ProductName": "鸡",
        "SupplierId": 4,
        "SupplierName": "为全",
        "CategoryId": 6,
        "CategoryName": "肉/家禽",
        "UnitNum": "每袋500克",
        "UnitPrice": 97,
        "StockNum": 29,
        "OrderNum": 0,
        "ReOrderNum": 0,
        "IsAbord": true
    },
    {
        "ProductId": 10,
        "ProductName": "蟹",
        "SupplierId": 4,
        "SupplierName": "为全",
        "CategoryId": 8,
        "CategoryName": "海鲜",
        "UnitNum": "每袋500克",
        "UnitPrice": 31,
        "StockNum": 31,
        "OrderNum": 0,
        "ReOrderNum": 0,
        "IsAbord": false
    },
    {
        "ProductId": 11,
        "ProductName": "大众奶酪",
        "SupplierId": 5,
        "SupplierName": "日正",
        "CategoryId": 4,
        "CategoryName": "日用品",
        "UnitNum": "每袋6包",
        "UnitPrice": 21,
        "StockNum": 22,
        "OrderNum": 30,
        "ReOrderNum": 30,
        "IsAbord": false
    },
    {
        "ProductId": 12,
        "ProductName": "德国奶酪",
        "SupplierId": 5,
        "SupplierName": "日正",
        "CategoryId": 4,
        "CategoryName": "日用品",
        "UnitNum": "每箱12瓶",
        "UnitPrice": 38,
        "StockNum": 86,
        "OrderNum": 0,
        "ReOrderNum": 0,
        "IsAbord": false
    },
    {
        "ProductId": 13,
        "ProductName": "龙虾",
        "SupplierId": 6,
        "SupplierName": "德昌",
        "CategoryId": 8,
        "CategoryName": "海鲜",
        "UnitNum": "每袋500克",
        "UnitPrice": 6,
        "StockNum": 24,
        "OrderNum": 0,
        "ReOrderNum": 5,
        "IsAbord": false
    },
    {
        "ProductId": 14,
        "ProductName": "沙茶",
        "SupplierId": 6,
        "SupplierName": "德昌",
        "CategoryId": 7,
        "CategoryName": "特制品",
        "UnitNum": "每箱12瓶",
        "UnitPrice": 23.25,
        "StockNum": 35,
        "OrderNum": 0,
        "ReOrderNum": 0,
        "IsAbord": false
    },
    {
        "ProductId": 15,
        "ProductName": "味精",
        "SupplierId": 6,
        "SupplierName": "德昌",
        "CategoryId": 2,
        "CategoryName": "调味品",
        "UnitNum": "每箱30盒",
        "UnitPrice": 15.5,
        "StockNum": 39,
        "OrderNum": 0,
        "ReOrderNum": 5,
        "IsAbord": false
    },
    {
        "ProductId": 16,
        "ProductName": "饼干",
        "SupplierId": 7,
        "SupplierName": "正一",
        "CategoryId": 3,
        "CategoryName": "点心",
        "UnitNum": "每箱30盒",
        "UnitPrice": 17.45,
        "StockNum": 29,
        "OrderNum": 0,
        "ReOrderNum": 10,
        "IsAbord": false
    },
    {
        "ProductId": 17,
        "ProductName": "猪肉",
        "SupplierId": 7,
        "SupplierName": "正一",
        "CategoryId": 6,
        "CategoryName": "肉/家禽",
        "UnitNum": "每袋500克",
        "UnitPrice": 39,
        "StockNum": 0,
        "OrderNum": 0,
        "ReOrderNum": 0,
        "IsAbord": true
    },
    {
        "ProductId": 18,
        "ProductName": "墨鱼",
        "SupplierId": 9,
        "SupplierName": "菊花",
        "CategoryId": 8,
        "CategoryName": "海鲜",
        "UnitNum": "每袋500克",
        "UnitPrice": 62.5,
        "StockNum": 42,
        "OrderNum": 0,
        "ReOrderNum": 0,
        "IsAbord": false
    },
    {
        "ProductId": 19,
        "ProductName": "糖果",
        "SupplierId": 8,
        "SupplierName": "康堡",
        "CategoryId": 3,
        "CategoryName": "点心",
        "UnitNum": "每箱30盒",
        "UnitPrice": 9.2,
        "StockNum": 25,
        "OrderNum": 0,
        "ReOrderNum": 5,
        "IsAbord": false
    },
    {
        "ProductId": 20,
        "ProductName": "桂花糕",
        "SupplierId": 8,
        "SupplierName": "康堡",
        "CategoryId": 3,
        "CategoryName": "点心",
        "UnitNum": "每箱30盒",
        "UnitPrice": 81,
        "StockNum": 40,
        "OrderNum": 0,
        "ReOrderNum": 0,
        "IsAbord": false
    },
    {
        "ProductId": 21,
        "ProductName": "花生",
        "SupplierId": 8,
        "SupplierName": "康堡",
        "CategoryId": 3,
        "CategoryName": "点心",
        "UnitNum": "每箱30包",
        "UnitPrice": 10,
        "StockNum": 3,
        "OrderNum": 40,
        "ReOrderNum": 5,
        "IsAbord": false
    },
    {
        "ProductId": 22,
        "ProductName": "糯米",
        "SupplierId": 9,
        "SupplierName": "菊花",
        "CategoryId": 5,
        "CategoryName": "谷类/麦片",
        "UnitNum": "每袋3公斤",
        "UnitPrice": 21,
        "StockNum": 104,
        "OrderNum": 0,
        "ReOrderNum": 25,
        "IsAbord": false
    },
    {
        "ProductId": 23,
        "ProductName": "燕麦",
        "SupplierId": 9,
        "SupplierName": "菊花",
        "CategoryId": 5,
        "CategoryName": "谷类/麦片",
        "UnitNum": "每袋3公斤",
        "UnitPrice": 9,
        "StockNum": 61,
        "OrderNum": 0,
        "ReOrderNum": 25,
        "IsAbord": false
    },
    {
        "ProductId": 24,
        "ProductName": "汽水",
        "SupplierId": 10,
        "SupplierName": "金美",
        "CategoryId": 1,
        "CategoryName": "饮料",
        "UnitNum": "每箱12瓶",
        "UnitPrice": 4.5,
        "StockNum": 20,
        "OrderNum": 0,
        "ReOrderNum": 0,
        "IsAbord": true
    },
    {
        "ProductId": 25,
        "ProductName": "巧克力",
        "SupplierId": 11,
        "SupplierName": "小当",
        "CategoryId": 3,
        "CategoryName": "点心",
        "UnitNum": "每箱30盒",
        "UnitPrice": 14,
        "StockNum": 76,
        "OrderNum": 0,
        "ReOrderNum": 30,
        "IsAbord": false
    },
    {
        "ProductId": 26,
        "ProductName": "棉花糖",
        "SupplierId": 11,
        "SupplierName": "小当",
        "CategoryId": 3,
        "CategoryName": "点心",
        "UnitNum": "每箱30盒",
        "UnitPrice": 31.23,
        "StockNum": 15,
        "OrderNum": 0,
        "ReOrderNum": 0,
        "IsAbord": false
    },
    {
        "ProductId": 27,
        "ProductName": "牛肉干",
        "SupplierId": 11,
        "SupplierName": "小当",
        "CategoryId": 3,
        "CategoryName": "点心",
        "UnitNum": "每箱30包",
        "UnitPrice": 43.9,
        "StockNum": 49,
        "OrderNum": 0,
        "ReOrderNum": 30,
        "IsAbord": false
    },
    {
        "ProductId": 28,
        "ProductName": "烤肉酱",
        "SupplierId": 12,
        "SupplierName": "义美",
        "CategoryId": 7,
        "CategoryName": "特制品",
        "UnitNum": "每箱12瓶",
        "UnitPrice": 45.6,
        "StockNum": 26,
        "OrderNum": 0,
        "ReOrderNum": 0,
        "IsAbord": true
    },
    {
        "ProductId": 29,
        "ProductName": "鸭肉",
        "SupplierId": 12,
        "SupplierName": "义美",
        "CategoryId": 6,
        "CategoryName": "肉/家禽",
        "UnitNum": "每袋3公斤",
        "UnitPrice": 123.79,
        "StockNum": 0,
        "OrderNum": 0,
        "ReOrderNum": 0,
        "IsAbord": true
    },
    {
        "ProductId": 30,
        "ProductName": "黄鱼",
        "SupplierId": 13,
        "SupplierName": "东海",
        "CategoryId": 8,
        "CategoryName": "海鲜",
        "UnitNum": "每袋3公斤",
        "UnitPrice": 25.89,
        "StockNum": 10,
        "OrderNum": 0,
        "ReOrderNum": 15,
        "IsAbord": false
    },
    {
        "ProductId": 31,
        "ProductName": "温馨奶酪",
        "SupplierId": 14,
        "SupplierName": "福满多",
        "CategoryId": 4,
        "CategoryName": "日用品",
        "UnitNum": "每箱12瓶",
        "UnitPrice": 12.5,
        "StockNum": 0,
        "OrderNum": 70,
        "ReOrderNum": 20,
        "IsAbord": false
    },
    {
        "ProductId": 32,
        "ProductName": "白奶酪",
        "SupplierId": 14,
        "SupplierName": "福满多",
        "CategoryId": 4,
        "CategoryName": "日用品",
        "UnitNum": "每箱12瓶",
        "UnitPrice": 32,
        "StockNum": 9,
        "OrderNum": 40,
        "ReOrderNum": 25,
        "IsAbord": false
    },
    {
        "ProductId": 33,
        "ProductName": "浪花奶酪",
        "SupplierId": 15,
        "SupplierName": "德级",
        "CategoryId": 4,
        "CategoryName": "日用品",
        "UnitNum": "每箱12瓶",
        "UnitPrice": 2.5,
        "StockNum": 112,
        "OrderNum": 0,
        "ReOrderNum": 20,
        "IsAbord": false
    },
    {
        "ProductId": 34,
        "ProductName": "啤酒",
        "SupplierId": 16,
        "SupplierName": "力锦",
        "CategoryId": 1,
        "CategoryName": "饮料",
        "UnitNum": "每箱24瓶",
        "UnitPrice": 14,
        "StockNum": 111,
        "OrderNum": 0,
        "ReOrderNum": 15,
        "IsAbord": false
    },
    {
        "ProductId": 35,
        "ProductName": "蜜桃汁",
        "SupplierId": 16,
        "SupplierName": "力锦",
        "CategoryId": 1,
        "CategoryName": "饮料",
        "UnitNum": "每箱24瓶",
        "UnitPrice": 18,
        "StockNum": 20,
        "OrderNum": 0,
        "ReOrderNum": 15,
        "IsAbord": false
    },
    {
        "ProductId": 36,
        "ProductName": "鱿鱼",
        "SupplierId": 17,
        "SupplierName": "小坊",
        "CategoryId": 8,
        "CategoryName": "海鲜",
        "UnitNum": "每袋3公斤",
        "UnitPrice": 19,
        "StockNum": 112,
        "OrderNum": 0,
        "ReOrderNum": 20,
        "IsAbord": false
    },
    {
        "ProductId": 37,
        "ProductName": "干贝",
        "SupplierId": 17,
        "SupplierName": "小坊",
        "CategoryId": 8,
        "CategoryName": "海鲜",
        "UnitNum": "每袋3公斤",
        "UnitPrice": 26,
        "StockNum": 11,
        "OrderNum": 50,
        "ReOrderNum": 25,
        "IsAbord": false
    },
    {
        "ProductId": 38,
        "ProductName": "绿茶",
        "SupplierId": 18,
        "SupplierName": "成记",
        "CategoryId": 1,
        "CategoryName": "饮料",
        "UnitNum": "每箱24瓶",
        "UnitPrice": 263.5,
        "StockNum": 17,
        "OrderNum": 0,
        "ReOrderNum": 15,
        "IsAbord": false
    },
    {
        "ProductId": 39,
        "ProductName": "运动饮料",
        "SupplierId": 18,
        "SupplierName": "成记",
        "CategoryId": 1,
        "CategoryName": "饮料",
        "UnitNum": "每箱24瓶",
        "UnitPrice": 18,
        "StockNum": 69,
        "OrderNum": 0,
        "ReOrderNum": 5,
        "IsAbord": false
    },
    {
        "ProductId": 40,
        "ProductName": "虾米",
        "SupplierId": 19,
        "SupplierName": "普三",
        "CategoryId": 8,
        "CategoryName": "海鲜",
        "UnitNum": "每袋3公斤",
        "UnitPrice": 18.4,
        "StockNum": 123,
        "OrderNum": 0,
        "ReOrderNum": 30,
        "IsAbord": false
    },
    {
        "ProductId": 41,
        "ProductName": "虾子",
        "SupplierId": 19,
        "SupplierName": "普三",
        "CategoryId": 8,
        "CategoryName": "海鲜",
        "UnitNum": "每袋3公斤",
        "UnitPrice": 9.65,
        "StockNum": 85,
        "OrderNum": 0,
        "ReOrderNum": 10,
        "IsAbord": false
    },
    {
        "ProductId": 42,
        "ProductName": "糙米",
        "SupplierId": 20,
        "SupplierName": "康美",
        "CategoryId": 5,
        "CategoryName": "谷类/麦片",
        "UnitNum": "每袋3公斤",
        "UnitPrice": 14,
        "StockNum": 26,
        "OrderNum": 0,
        "ReOrderNum": 0,
        "IsAbord": true
    },
    {
        "ProductId": 43,
        "ProductName": "柳橙汁",
        "SupplierId": 20,
        "SupplierName": "康美",
        "CategoryId": 1,
        "CategoryName": "饮料",
        "UnitNum": "每箱24瓶",
        "UnitPrice": 46,
        "StockNum": 17,
        "OrderNum": 10,
        "ReOrderNum": 25,
        "IsAbord": false
    },
    {
        "ProductId": 44,
        "ProductName": "蚝油",
        "SupplierId": 20,
        "SupplierName": "康美",
        "CategoryId": 2,
        "CategoryName": "调味品",
        "UnitNum": "每箱24瓶",
        "UnitPrice": 19.45,
        "StockNum": 27,
        "OrderNum": 0,
        "ReOrderNum": 15,
        "IsAbord": false
    },
    {
        "ProductId": 45,
        "ProductName": "雪鱼",
        "SupplierId": 21,
        "SupplierName": "日通",
        "CategoryId": 8,
        "CategoryName": "海鲜",
        "UnitNum": "每袋3公斤",
        "UnitPrice": 9.5,
        "StockNum": 5,
        "OrderNum": 70,
        "ReOrderNum": 15,
        "IsAbord": false
    },
    {
        "ProductId": 46,
        "ProductName": "蚵",
        "SupplierId": 21,
        "SupplierName": "日通",
        "CategoryId": 8,
        "CategoryName": "海鲜",
        "UnitNum": "每袋3公斤",
        "UnitPrice": 12,
        "StockNum": 95,
        "OrderNum": 0,
        "ReOrderNum": 0,
        "IsAbord": false
    },
    {
        "ProductId": 47,
        "ProductName": "蛋糕",
        "SupplierId": 22,
        "SupplierName": "顺成",
        "CategoryId": 3,
        "CategoryName": "点心",
        "UnitNum": "每箱24个",
        "UnitPrice": 9.5,
        "StockNum": 36,
        "OrderNum": 0,
        "ReOrderNum": 0,
        "IsAbord": false
    },
    {
        "ProductId": 48,
        "ProductName": "玉米片",
        "SupplierId": 22,
        "SupplierName": "顺成",
        "CategoryId": 3,
        "CategoryName": "点心",
        "UnitNum": "每箱24包",
        "UnitPrice": 12.75,
        "StockNum": 15,
        "OrderNum": 70,
        "ReOrderNum": 25,
        "IsAbord": false
    },
    {
        "ProductId": 49,
        "ProductName": "薯条",
        "SupplierId": 23,
        "SupplierName": "利利",
        "CategoryId": 3,
        "CategoryName": "点心",
        "UnitNum": "每箱24包",
        "UnitPrice": 20,
        "StockNum": 10,
        "OrderNum": 60,
        "ReOrderNum": 15,
        "IsAbord": false
    },
    {
        "ProductId": 50,
        "ProductName": "玉米饼",
        "SupplierId": 23,
        "SupplierName": "利利",
        "CategoryId": 3,
        "CategoryName": "点心",
        "UnitNum": "每箱24包",
        "UnitPrice": 16.25,
        "StockNum": 65,
        "OrderNum": 0,
        "ReOrderNum": 30,
        "IsAbord": false
    },
    {
        "ProductId": 51,
        "ProductName": "猪肉干",
        "SupplierId": 24,
        "SupplierName": "涵合",
        "CategoryId": 7,
        "CategoryName": "特制品",
        "UnitNum": "每箱24包",
        "UnitPrice": 53,
        "StockNum": 20,
        "OrderNum": 0,
        "ReOrderNum": 10,
        "IsAbord": false
    },
    {
        "ProductId": 52,
        "ProductName": "三合一麦片",
        "SupplierId": 24,
        "SupplierName": "涵合",
        "CategoryId": 5,
        "CategoryName": "谷类/麦片",
        "UnitNum": "每箱24包",
        "UnitPrice": 7,
        "StockNum": 38,
        "OrderNum": 0,
        "ReOrderNum": 25,
        "IsAbord": false
    },
    {
        "ProductId": 53,
        "ProductName": "盐水鸭",
        "SupplierId": 24,
        "SupplierName": "涵合",
        "CategoryId": 6,
        "CategoryName": "肉/家禽",
        "UnitNum": "每袋3公斤",
        "UnitPrice": 32.8,
        "StockNum": 0,
        "OrderNum": 0,
        "ReOrderNum": 0,
        "IsAbord": true
    },
    {
        "ProductId": 54,
        "ProductName": "鸡肉",
        "SupplierId": 25,
        "SupplierName": "佳佳",
        "CategoryId": 6,
        "CategoryName": "肉/家禽",
        "UnitNum": "每袋3公斤",
        "UnitPrice": 7.45,
        "StockNum": 21,
        "OrderNum": 0,
        "ReOrderNum": 10,
        "IsAbord": false
    },
    {
        "ProductId": 55,
        "ProductName": "鸭肉",
        "SupplierId": 25,
        "SupplierName": "佳佳",
        "CategoryId": 6,
        "CategoryName": "肉/家禽",
        "UnitNum": "每袋3公斤",
        "UnitPrice": 24,
        "StockNum": 115,
        "OrderNum": 0,
        "ReOrderNum": 20,
        "IsAbord": false
    },
    {
        "ProductId": 56,
        "ProductName": "白米",
        "SupplierId": 26,
        "SupplierName": "宏仁",
        "CategoryId": 5,
        "CategoryName": "谷类/麦片",
        "UnitNum": "每袋3公斤",
        "UnitPrice": 38,
        "StockNum": 21,
        "OrderNum": 10,
        "ReOrderNum": 30,
        "IsAbord": false
    },
    {
        "ProductId": 57,
        "ProductName": "小米",
        "SupplierId": 26,
        "SupplierName": "宏仁",
        "CategoryId": 5,
        "CategoryName": "谷类/麦片",
        "UnitNum": "每袋3公斤",
        "UnitPrice": 19.5,
        "StockNum": 36,
        "OrderNum": 0,
        "ReOrderNum": 20,
        "IsAbord": false
    },
    {
        "ProductId": 58,
        "ProductName": "海参",
        "SupplierId": 27,
        "SupplierName": "大钰",
        "CategoryId": 8,
        "CategoryName": "海鲜",
        "UnitNum": "每袋3公斤",
        "UnitPrice": 13.25,
        "StockNum": 62,
        "OrderNum": 0,
        "ReOrderNum": 20,
        "IsAbord": false
    },
    {
        "ProductId": 59,
        "ProductName": "光明奶酪",
        "SupplierId": 28,
        "SupplierName": "玉成",
        "CategoryId": 4,
        "CategoryName": "日用品",
        "UnitNum": "每箱24瓶",
        "UnitPrice": 55,
        "StockNum": 79,
        "OrderNum": 0,
        "ReOrderNum": 0,
        "IsAbord": false
    },
    {
        "ProductId": 60,
        "ProductName": "花奶酪",
        "SupplierId": 28,
        "SupplierName": "玉成",
        "CategoryId": 4,
        "CategoryName": "日用品",
        "UnitNum": "每箱24瓶",
        "UnitPrice": 34,
        "StockNum": 19,
        "OrderNum": 0,
        "ReOrderNum": 0,
        "IsAbord": false
    },
    {
        "ProductId": 61,
        "ProductName": "海鲜酱",
        "SupplierId": 29,
        "SupplierName": "百达",
        "CategoryId": 2,
        "CategoryName": "调味品",
        "UnitNum": "每箱24瓶",
        "UnitPrice": 28.5,
        "StockNum": 113,
        "OrderNum": 0,
        "ReOrderNum": 25,
        "IsAbord": false
    },
    {
        "ProductId": 62,
        "ProductName": "山渣片",
        "SupplierId": 29,
        "SupplierName": "百达",
        "CategoryId": 3,
        "CategoryName": "点心",
        "UnitNum": "每箱24包",
        "UnitPrice": 49.3,
        "StockNum": 17,
        "OrderNum": 0,
        "ReOrderNum": 0,
        "IsAbord": false
    },
    {
        "ProductId": 63,
        "ProductName": "甜辣酱",
        "SupplierId": 7,
        "SupplierName": "正一",
        "CategoryId": 2,
        "CategoryName": "调味品",
        "UnitNum": "每箱24瓶",
        "UnitPrice": 43.9,
        "StockNum": 24,
        "OrderNum": 0,
        "ReOrderNum": 5,
        "IsAbord": false
    },
    {
        "ProductId": 64,
        "ProductName": "黄豆",
        "SupplierId": 12,
        "SupplierName": "义美",
        "CategoryId": 5,
        "CategoryName": "谷类/麦片",
        "UnitNum": "每袋3公斤",
        "UnitPrice": 33.25,
        "StockNum": 22,
        "OrderNum": 80,
        "ReOrderNum": 30,
        "IsAbord": false
    },
    {
        "ProductId": 65,
        "ProductName": "海苔酱",
        "SupplierId": 2,
        "SupplierName": "康富食品",
        "CategoryId": 2,
        "CategoryName": "调味品",
        "UnitNum": "每箱24瓶",
        "UnitPrice": 21.05,
        "StockNum": 76,
        "OrderNum": 0,
        "ReOrderNum": 0,
        "IsAbord": false
    },
    {
        "ProductId": 66,
        "ProductName": "肉松",
        "SupplierId": 2,
        "SupplierName": "康富食品",
        "CategoryId": 2,
        "CategoryName": "调味品",
        "UnitNum": "每箱24瓶",
        "UnitPrice": 17,
        "StockNum": 4,
        "OrderNum": 100,
        "ReOrderNum": 20,
        "IsAbord": false
    },
    {
        "ProductId": 67,
        "ProductName": "矿泉水",
        "SupplierId": 16,
        "SupplierName": "力锦",
        "CategoryId": 1,
        "CategoryName": "饮料",
        "UnitNum": "每箱24瓶",
        "UnitPrice": 14,
        "StockNum": 52,
        "OrderNum": 0,
        "ReOrderNum": 10,
        "IsAbord": false
    },
    {
        "ProductId": 68,
        "ProductName": "绿豆糕",
        "SupplierId": 8,
        "SupplierName": "康堡",
        "CategoryId": 3,
        "CategoryName": "点心",
        "UnitNum": "每箱24包",
        "UnitPrice": 12.5,
        "StockNum": 6,
        "OrderNum": 10,
        "ReOrderNum": 15,
        "IsAbord": false
    },
    {
        "ProductId": 69,
        "ProductName": "黑奶酪",
        "SupplierId": 15,
        "SupplierName": "德级",
        "CategoryId": 4,
        "CategoryName": "日用品",
        "UnitNum": "每盒24个",
        "UnitPrice": 36,
        "StockNum": 26,
        "OrderNum": 0,
        "ReOrderNum": 15,
        "IsAbord": false
    },
    {
        "ProductId": 70,
        "ProductName": "苏打水",
        "SupplierId": 7,
        "SupplierName": "正一",
        "CategoryId": 1,
        "CategoryName": "饮料",
        "UnitNum": "每箱24瓶",
        "UnitPrice": 15,
        "StockNum": 15,
        "OrderNum": 10,
        "ReOrderNum": 30,
        "IsAbord": false
    },
    {
        "ProductId": 71,
        "ProductName": "意大利奶酪",
        "SupplierId": 15,
        "SupplierName": "德级",
        "CategoryId": 4,
        "CategoryName": "日用品",
        "UnitNum": "每箱2个",
        "UnitPrice": 21.5,
        "StockNum": 26,
        "OrderNum": 0,
        "ReOrderNum": 0,
        "IsAbord": false
    },
    {
        "ProductId": 72,
        "ProductName": "酸奶酪",
        "SupplierId": 14,
        "SupplierName": "福满多",
        "CategoryId": 4,
        "CategoryName": "日用品",
        "UnitNum": "每箱2个",
        "UnitPrice": 34.8,
        "StockNum": 14,
        "OrderNum": 0,
        "ReOrderNum": 0,
        "IsAbord": false
    },
    {
        "ProductId": 73,
        "ProductName": "海哲皮",
        "SupplierId": 17,
        "SupplierName": "小坊",
        "CategoryId": 8,
        "CategoryName": "海鲜",
        "UnitNum": "每袋3公斤",
        "UnitPrice": 15,
        "StockNum": 101,
        "OrderNum": 0,
        "ReOrderNum": 5,
        "IsAbord": false
    },
    {
        "ProductId": 74,
        "ProductName": "鸡精",
        "SupplierId": 4,
        "SupplierName": "为全",
        "CategoryId": 7,
        "CategoryName": "特制品",
        "UnitNum": "每盒24个",
        "UnitPrice": 10,
        "StockNum": 4,
        "OrderNum": 20,
        "ReOrderNum": 5,
        "IsAbord": false
    },
    {
        "ProductId": 75,
        "ProductName": "浓缩咖啡",
        "SupplierId": 12,
        "SupplierName": "义美",
        "CategoryId": 1,
        "CategoryName": "饮料",
        "UnitNum": "每箱24瓶",
        "UnitPrice": 7.75,
        "StockNum": 125,
        "OrderNum": 0,
        "ReOrderNum": 25,
        "IsAbord": false
    },
    {
        "ProductId": 76,
        "ProductName": "柠檬汁",
        "SupplierId": 23,
        "SupplierName": "利利",
        "CategoryId": 1,
        "CategoryName": "饮料",
        "UnitNum": "每箱24瓶",
        "UnitPrice": 18,
        "StockNum": 57,
        "OrderNum": 0,
        "ReOrderNum": 20,
        "IsAbord": false
    },
    {
        "ProductId": 77,
        "ProductName": "辣椒粉",
        "SupplierId": 12,
        "SupplierName": "义美",
        "CategoryId": 2,
        "CategoryName": "调味品",
        "UnitNum": "每袋3公斤",
        "UnitPrice": 13,
        "StockNum": 32,
        "OrderNum": 0,
        "ReOrderNum": 15,
        "IsAbord": false
    },
    {
        "ProductId": 78,
        "ProductName": "鲜橙多",
        "SupplierId": 1,
        "SupplierName": "佳佳乐",
        "CategoryId": 1,
        "CategoryName": "饮料",
        "UnitNum": "每箱24瓶",
        "UnitPrice": 20,
        "StockNum": 20,
        "OrderNum": 1,
        "ReOrderNum": 1,
        "IsAbord": false
    },
    {
        "ProductId": 79,
        "ProductName": "苹果",
        "SupplierId": 29,
        "SupplierName": "百达",
        "CategoryId": 7,
        "CategoryName": "特制品",
        "UnitNum": "每箱20个",
        "UnitPrice": 14,
        "StockNum": 100,
        "OrderNum": 20,
        "ReOrderNum": 20,
        "IsAbord": false
    }
]